"Reference","Qty","Value","DNP","Exclude from BOM","Exclude from Board","Footprint","Datasheet","Sim.Pins","Sim.Device","Описание","#"
"C1,C2,C3,C4,C5,C7,C9,C11,C13,C14,C16,C17,C21,C23,C26","15","100 nF 50V","","","","Capacitor_SMD:C_0805_2012Metric","","","","C49678","1"
"C6,C25","2","C7171","","","","Capacitor_Tantalum_SMD:CP_EIA-3216-18_Kemet-A","","","","10 uF 16V","2"
"C8","1","C46550473","","","","Capacitor_SMD:CP_Elec_10x10","","","","220 uF 50V Low ESR","3"
"C10","1","C19702","","","","Capacitor_SMD:C_0603_1608Metric","","","","10 uF 10V","4"
"C12","1","C25503905","","","","Capacitor_SMD:CP_Elec_6.3x7.7","","","","220 uF 16V","5"
"C15,C22","2","C16133","","","","Capacitor_Tantalum_SMD:CP_EIA-3528-21_Kemet-B_HandSolder","","","","100 uF 6,3V","6"
"C18,C19,C24","3","1 nF 50V","","","","Capacitor_SMD:C_0805_2012Metric","","","","","7"
"C20","1","1000 uF 50V","","","","Capacitor_THT:CP_Radial_D8.0mm_P3.50mm","","","","","8"
"D1","1","20SQ045","","","","Diode_THT:D_DO-201AD_P15.24mm_Horizontal","http://www.vishay.com/docs/88526/1n5820.pdf","","","","9"
"D3","1","SMCJ26A","","","","Diode_SMD:D_SMC","https://www.vishay.com/docs/88303/15smc.pdf","","","1500W unidirectional TVS diode, SMC (DO-201AB)","10"
"D4,D5","2","LL4148","","","","Diode_SMD:D_MiniMELF","http://www.vishay.com/docs/85557/ll4148.pdf","1=K 2=A","D","100V 0.15A standard switching diode, MiniMELF","11"
"D6","1","KT-0805W","","","","LED_SMD:LED_0805_2012Metric","","1=K 2=A","","Light emitting diod white","12"
"D7","1","KT-0805G","","","","LED_SMD:LED_0805_2012Metric","","1=K 2=A","","Light emitting diode green","13"
"D8","1","SS34","","","","Diode_SMD:D_SMA","https://www.vishay.com/docs/88751/ss32.pdf","","","40V 3A Schottky Diode, SMA","14"
"F1","1","C5249699","","","","Fuse:Fuseholder_Blade_Mini_Keystone_3568","","","","Fuse_Mini_10A","15"
"J1","1","C54620381","","","","Connector_PinSocket_2.54mm:PinSocket_2x07_P2.54mm_Vertical","","","","C54620381","16"
"J2","1","1836189","","","","Connector_Phoenix_MC_HighVoltage:PhoenixContact_MC_1,5_2-G-5.08_1x02_P5.08mm_Horizontal","1836189","","","POWER 24V","17"
"J3,J5,J6,J11","4","1844223","","","","Connector_Phoenix_MC:PhoenixContact_MC_1,5_3-G-3.5_1x03_P3.50mm_Horizontal","","","","CAN_BUS,CONN_RS232,DRY CONTACT UP DOWN,ENCODER_POWER","18"
"J4,J9,J10","3","1844210","","","","Connector_Phoenix_MC:PhoenixContact_MC_1,5_2-G-3.5_1x02_P3.50mm_Horizontal","","","","CONN_IR_OUT,ENCODER,MOTOR_OUT","19"
"J7","1","1844236","","","","Connector_Phoenix_MC:PhoenixContact_MC_1,5_4-G-3.5_1x04_P3.50mm_Horizontal","","","","M1 LIMIT UP DOWN","20"
"J8,J12","2","C5360899","","","","Connector_PinHeader_2.54mm:PinHeader_1x03_P2.54mm_Vertical","","","","DRY_CONTACT,Signal PWR","21"
"L1","1","C55109499","","","","Inductor_SMD:L_APV_ANR6045","","","","C55109499 YASPI0645S-680MS","22"
"LED1","1","KT-0805Y","","","","LED_SMD:LED_0805_2012Metric","","","","LED_YELLOW_F3_POWER","23"
"LED2","1","C84256","","","","LED_SMD:LED_0805_2012Metric","","1=K 2=A","","Light emitting diode NCD0805R1","24"
"Q2","1","C105432","","","","Package_TO_SOT_SMD:SOT-23","kicad-embed://C105432.pdf","1=B 2=E 3=C","PNP","-0.2A Ic, -40V Vce, Small Signal PNP Transistor, SOT-23","25"
"R1,R4,R6,R7,R11,R12,R13,R17,R18,R25,R27,R28","12","10k","","","","Resistor_SMD:R_0805_2012Metric","","","","","26"
"R2,R9,R10,R15,R16","5","100","","","","Resistor_SMD:R_0805_2012Metric","","","","","27"
"R3","1","120","","","","Resistor_SMD:R_0805_2012Metric","","","","","28"
"R5","1","2.2k","","","","Resistor_SMD:R_0805_2012Metric","","","","","29"
"R8,R14,R19,R26","4","470","","","","Resistor_SMD:R_0805_2012Metric","","","","","30"
"R20","1","C17936","","","","Resistor_SMD:R_1206_3216Metric","","","","resistor 4,7 кОм 0.250 Вт","31"
"R21,R23","2","1k","","","","Resistor_SMD:R_0805_2012Metric","","","","","32"
"R22","1","47","","","","Resistor_SMD:R_1206_3216Metric","","","","","33"
"SW1,SW2,SW3,SW4","4","TS-1187A-BAB","","","","Button_Switch_SMD:SW_Push_1P1T_XKB_TS-1187A","","","","DOWN,RESET,STOP,UP","34"
"U1","1","MAX3232","","","","Package_SO:SOIC-16_3.9x9.9mm_P1.27mm","https://datasheets.maximintegrated.com/en/ds/MAX3222-MAX3241.pdf","","","","35"
"U2","1","C145345","","","","OptoDevice:Vishay_MOLD-3Pin","http://www.vishay.com/docs/82669/tsop32s40f.pdf","","","","36"
"U3","1","SN65HVD230","","","","Package_SO:SOIC-8_3.9x4.9mm_P1.27mm","http://www.ti.com/lit/ds/symlink/sn65hvd230.pdf","","","","37"
"U4","1","ESP32-WROOM-32E-N16","","","","RF_Module:ESP32-WROOM-32","https://www.espressif.com/sites/default/files/documentation/esp32-wroom-32_datasheet_en.pdf","","","ESP32-WROOM-32E-N16","38"
"U5","1","LM2596S-5","","","","Package_TO_SOT_SMD:TO-263-5_TabPin3","http://www.ti.com/lit/ds/symlink/lm2596.pdf","","","","39"
"U6","1","AMS1117-3.3","","","","Package_TO_SOT_SMD:SOT-223-3_TabPin2","http://www.advanced-monolithic.com/pdf/ds1117.pdf","","","1A Low Dropout regulator, positive, 3.3V fixed output, SOT-223","40"
"U7,U8","2","PC817","","","","Package_DIP:DIP-4_W7.62mm","http://www.soselectronic.cz/a_info/resource/d/pc817.pdf","","","","41"
"U9","1","b0505s-1we","","","","Converter_DCDC:Converter_DCDC_RECOM_R-78S-0.1_THT","Isolated DC-DC Converter, 5V Input to 5V Output, 1 Watt, Case SIP-4. Manufacturer Part Number: Mornsun B0505S-1WR3","","","5V to 5V 200mA DC-DC Converter with 1kV isolation, SIP-4","42"
"U10","1","VNH5019ATR-E","","","","Package_SO:ST_MultiPowerSO-30","https://www.st.com/resource/en/datasheet/vnh5019a-e.pdf","","","VNH5019ATR-E","43"
